Index,Empresa,Papél,Classificacao,Setor
1,COMGAS,CGAS3,Mid Cap,Novo Mercado
1,COMGAS,CGAS5,Mid Cap,Novo Mercado
2,VALE,VALE3,Mega Cap,Novo Mercado
3,SANTANDER BR,SANB3,Big Cap,Balcão Org. Tradicional
3,SANTANDER BR,SANB4,Big Cap,Balcão Org. Tradicional
3,SANTANDER BR,SANB11,Big Cap,Balcão Org. Tradicional
4,CELESC,CLSC3,Small Cap,Nível 2 de Governança Corporativa
4,CELESC,CLSC4,Small Cap,Nível 2 de Governança Corporativa
5,VIVARA S.A.,VIVA3,Mid Cap,Novo Mercado
6,BANCO PAN,BPAN4,Mid Cap,Nível 1 de Governança Corporativa
7,VITRUEDUCA,VTRU3,Small Cap,Novo Mercado
8,COPEL,CPLE3,Big Cap,Nível 2 de Governança Corporativa
8,COPEL,CPLE5,Big Cap,Nível 2 de Governança Corporativa
8,COPEL,CPLE6,Big Cap,Nível 2 de Governança Corporativa
9,BBMLOGISTICA,BBML3,-,Bovespa Mais
10,BRADESPAR,BRAP3,Mid Cap,Nível 1 de Governança Corporativa
10,BRADESPAR,BRAP4,Mid Cap,Nível 1 de Governança Corporativa
11,COSERN,CSRN3,Small Cap,Balcão Org. Tradicional
11,COSERN,CSRN5,Small Cap,Balcão Org. Tradicional
11,COSERN,CSRN6,Small Cap,Balcão Org. Tradicional
12,CIMS,CMSA3,-,Novo Mercado
12,CIMS,CMSA4,-,Novo Mercado
13,ALIPERTI,APTI3,Nano Cap,Novo Mercado
13,ALIPERTI,APTI4,Nano Cap,Novo Mercado
14,CYRELA REALT,CYRE3,Mid Cap,Novo Mercado
15,3R PETROLEUM,BRAV3,Mid Cap,Novo Mercado
16,BRASKEM,BRKM3,Mid Cap,Nível 1 de Governança Corporativa
16,BRASKEM,BRKM5,Mid Cap,Nível 1 de Governança Corporativa
16,BRASKEM,BRKM6,Mid Cap,Nível 1 de Governança Corporativa
17,DEXXOS PAR,DEXP3,Micro Cap,Nível 1 de Governança Corporativa
17,DEXXOS PAR,DEXP4,Micro Cap,Nível 1 de Governança Corporativa
18,ZAMP S.A.,ZAMP3,Micro Cap,Novo Mercado
19,DOHLER,DOHL3,Micro Cap,Novo Mercado
19,DOHLER,DOHL4,Micro Cap,Novo Mercado
20,BR PARTNERS,BRBI11,Small Cap,Nível 2 de Governança Corporativa
21,ECORODOVIAS,ECOR3,Mid Cap,Novo Mercado
22,POMIFRUTAS,FRTA3,Nano Cap,Novo Mercado
23,IND CATAGUAS,CATA3,-,Nível 2 de Governança Corporativa
23,IND CATAGUAS,CATA4,-,Nível 2 de Governança Corporativa
24,ENERGISA MT,ENMT3,Mid Cap,Novo Mercado
24,ENERGISA MT,ENMT4,Mid Cap,Novo Mercado
25,CAMBUCI,CAMB3,Micro Cap,Novo Mercado
26,EQUATORIAL,EQTL3,Big Cap,Novo Mercado
27,CBA,CBAV3,Small Cap,Novo Mercado
28,ESTRELA,ESTR3,Nano Cap,Balcão Org. Tradicional
28,ESTRELA,ESTR4,Nano Cap,Balcão Org. Tradicional
29,TAESA,TAEE3,Mid Cap,Nível 2 de Governança Corporativa
29,TAESA,TAEE4,Mid Cap,Nível 2 de Governança Corporativa
29,TAESA,TAEE11,Mid Cap,Nível 2 de Governança Corporativa
30,HABITASUL,HBTS3,Nano Cap,Novo Mercado
30,HABITASUL,HBTS5,Nano Cap,Novo Mercado
30,HABITASUL,HBTS6,Nano Cap,Novo Mercado
31,TELEBRAS,TELB3,Small Cap,Balcão Org. Tradicional
31,TELEBRAS,TELB4,Small Cap,Balcão Org. Tradicional
32,UNICASA,UCAS3,Nano Cap,Novo Mercado
33,HAGA S/A,HAGA3,Nano Cap,Balcão Org. Tradicional
33,HAGA S/A,HAGA4,Nano Cap,Balcão Org. Tradicional
34,COELCE,COCE3,Small Cap,Novo Mercado
34,COELCE,COCE5,Small Cap,Novo Mercado
34,COELCE,COCE6,Small Cap,Novo Mercado
35,HYPERA,HYPE3,Mid Cap,Novo Mercado
36,BANPARA,BPAR3,Small Cap,Nível 1 de Governança Corporativa
37,CRISTAL,CRPG3,Micro Cap,Balcão Org. Tradicional
37,CRISTAL,CRPG5,Micro Cap,Balcão Org. Tradicional
37,CRISTAL,CRPG6,Micro Cap,Balcão Org. Tradicional
38,USIMINAS,USIM3,Mid Cap,Nível 1 de Governança Corporativa
38,USIMINAS,USIM5,Mid Cap,Nível 1 de Governança Corporativa
38,USIMINAS,USIM6,Mid Cap,Nível 1 de Governança Corporativa
39,COPASA,CSMG3,Mid Cap,Novo Mercado
40,INEPAR,INEP3,Nano Cap,Balcão Org. Tradicional
40,INEPAR,INEP4,Nano Cap,Balcão Org. Tradicional
41,WESTWING,WEST3,Nano Cap,Novo Mercado
42,KARSTEN,CTKA3,Nano Cap,Balcão Org. Tradicional
42,KARSTEN,CTKA4,Nano Cap,Balcão Org. Tradicional
43,VAMOS,VAMO3,Mid Cap,Novo Mercado
44,WLM IND COM,WLMM3,Small Cap,Balcão Org. Tradicional
44,WLM IND COM,WLMM4,Small Cap,Balcão Org. Tradicional
45,SANTANENSE,CTSA3,Nano Cap,Nível 1 de Governança Corporativa
45,SANTANENSE,CTSA4,Nano Cap,Nível 1 de Governança Corporativa
46,VIBRA,VBBR3,Big Cap,Novo Mercado
47,GRAZZIOTIN,CGRA3,Micro Cap,Balcão Org. Tradicional
47,GRAZZIOTIN,CGRA4,Micro Cap,Balcão Org. Tradicional
48,CURY S/A,CURY3,Mid Cap,Novo Mercado
49,CAIXA SEGURI,CXSE3,Big Cap,Novo Mercado
50,LE BISCUIT,LLBI3,-,Balcão Org. Tradicional
51,VULCABRAS,VULC3,Small Cap,Novo Mercado
52,DESKTOP,DESK3,Small Cap,Novo Mercado
53,TUPY,TUPY3,Small Cap,Novo Mercado
54,WEG,WEGE3,Mega Cap,Novo Mercado
55,GETNINJAS,NINJ3,Micro Cap,Novo Mercado
56,WIZ CO,WIZC3,Micro Cap,Novo Mercado
57,DOTZ SA,DOTZ3,Nano Cap,Novo Mercado
58,COTEMINAS,CTNM3,Nano Cap,Balcão Org. Tradicional
58,COTEMINAS,CTNM4,Nano Cap,Balcão Org. Tradicional
59,YDUQS PART,YDUQ3,Small Cap,Novo Mercado
60,INVEST BEMGE,FIGE3,Nano Cap,Bovespa Mais
60,INVEST BEMGE,FIGE4,Nano Cap,Bovespa Mais
61,DTCOM-DIRECT,DTCY3,Nano Cap,Balcão Org. Tradicional
61,DTCOM-DIRECT,DTCY4,Nano Cap,Balcão Org. Tradicional
62,DEXCO,DXCO3,Mid Cap,Novo Mercado
63,AESOPERACOES,AESO3,-,Novo Mercado
64,ACO ALTONA,EALT3,Micro Cap,Balcão Org. Tradicional
64,ACO ALTONA,EALT4,Micro Cap,Balcão Org. Tradicional
65,EMAE,EMAE3,Small Cap,Novo Mercado
65,EMAE,EMAE4,Small Cap,Novo Mercado
66,PPLA,PPLA11,Nano Cap,BDR Nível 3
67,ENEVA,ENEV3,Mid Cap,Novo Mercado
68,ENERGISA,ENGI3,Mid Cap,Nível 2 de Governança Corporativa
68,ENERGISA,ENGI4,Mid Cap,Nível 2 de Governança Corporativa
68,ENERGISA,ENGI11,Mid Cap,Nível 2 de Governança Corporativa
69,ESPACOLASER,ESPA3,Micro Cap,Novo Mercado
70,HERCULES,HETA3,Nano Cap,Balcão Org. Tradicional
70,HERCULES,HETA4,Nano Cap,Balcão Org. Tradicional
71,ITAUUNIBANCO,ITUB3,Mega Cap,Nível 1 de Governança Corporativa
71,ITAUUNIBANCO,ITUB4,Mega Cap,Nível 1 de Governança Corporativa
72,ETERNIT,ETER3,Micro Cap,Novo Mercado
73,EUCATEX,EUCA3,Small Cap,Nível 1 de Governança Corporativa
73,EUCATEX,EUCA4,Small Cap,Nível 1 de Governança Corporativa
74,EZTEC,EZTC3,Small Cap,Novo Mercado
75,JOSAPAR,JOPA3,Micro Cap,Balcão Org. Tradicional
75,JOSAPAR,JOPA4,Micro Cap,Balcão Org. Tradicional
76,FER HERINGER,FHER3,Micro Cap,Novo Mercado
77,METALFRIO,FRIO3,Small Cap,Novo Mercado
78,ALFA INVEST,BRIV3,Small Cap,Balcão Org. Tradicional
78,ALFA INVEST,BRIV4,Small Cap,Balcão Org. Tradicional
79,GAFISA,GFSA3,Micro Cap,Novo Mercado
80,GER PARANAP,GEPA3,Small Cap,Balcão Org. Tradicional
80,GER PARANAP,GEPA4,Small Cap,Balcão Org. Tradicional
81,WETZEL S/A,MWET3,Nano Cap,Balcão Org. Tradicional
81,WETZEL S/A,MWET4,Nano Cap,Balcão Org. Tradicional
82,TERRASANTAPA,LAND3,Small Cap,Novo Mercado
83,GERDAU,GGBR3,Big Cap,Nível 1 de Governança Corporativa
83,GERDAU,GGBR4,Big Cap,Nível 1 de Governança Corporativa
84,BANESTES,BEES3,Small Cap,Novo Mercado
84,BANESTES,BEES4,Small Cap,Novo Mercado
85,LOJAS RENNER,LREN3,Mid Cap,Novo Mercado
86,GPS,GGPS3,Mid Cap,Novo Mercado
87,REDE ENERGIA,REDE3,Mid Cap,Novo Mercado
88,SEQUOIA LOG,SEQL3,Nano Cap,Novo Mercado
89,COGNA ON,COGN3,Small Cap,Novo Mercado
90,LUPATECH,LUPA3,Nano Cap,Novo Mercado
91,ENJOEI,ENJU3,Micro Cap,Novo Mercado
92,GERDAU MET,GOAU3,Mid Cap,Nível 1 de Governança Corporativa
92,GERDAU MET,GOAU4,Mid Cap,Nível 1 de Governança Corporativa
93,JOAO FORTES,JFEN3,Nano Cap,Balcão Org. Tradicional
94,HELBOR,HBOR3,Micro Cap,Novo Mercado
95,BRQ,BRQB3,-,Bovespa Mais
96,PET MANGUINH,RPMG3,Nano Cap,Balcão Org. Tradicional
97,GRUPO SBF,SBFG3,Small Cap,Novo Mercado
98,KORA SAUDE,KRSA3,Micro Cap,Novo Mercado
99,ELETROBRAS,ELET3,Big Cap,Nível 1 de Governança Corporativa
99,ELETROBRAS,ELET5,Big Cap,Nível 1 de Governança Corporativa
99,ELETROBRAS,ELET6,Big Cap,Nível 1 de Governança Corporativa
100,SID NACIONAL,CSNA3,Mid Cap,Balcão Org. Tradicional
101,HBR REALTY,HBRE3,Micro Cap,Novo Mercado
102,INFRACOMM,IFCM3,Nano Cap,Novo Mercado
103,CTC S.A.,CTCA3,-,Bovespa Mais
104,IRBBRASIL RE,IRBR3,Small Cap,Novo Mercado
105,JALLESMACHAD,JALL3,Small Cap,Novo Mercado
106,DIRECIONAL,DIRR3,Mid Cap,Novo Mercado
107,SONDOTECNICA,SOND3,Nano Cap,Balcão Org. Tradicional
107,SONDOTECNICA,SOND5,Nano Cap,Balcão Org. Tradicional
107,SONDOTECNICA,SOND6,Nano Cap,Balcão Org. Tradicional
108,CSU DIGITAL,CSUD3,Micro Cap,Novo Mercado
109,JHSF PART,JHSF3,Small Cap,Novo Mercado
110,WDC NETWORKS,LVTC3,Micro Cap,Novo Mercado
111,KEPLER WEBER,KEPL3,Small Cap,Novo Mercado
112,PRATICA,PTCA3,-,Bovespa Mais Nível 2
113,IGUA SA,IGSN3,-,Bovespa Mais
114,KLABIN S/A,KLBN3,Big Cap,Nível 2 de Governança Corporativa
114,KLABIN S/A,KLBN4,Big Cap,Nível 2 de Governança Corporativa
114,KLABIN S/A,KLBN11,Big Cap,Nível 2 de Governança Corporativa
115,EVEN,EVEN3,Small Cap,Novo Mercado
116,IMC S/A,MEAL3,Micro Cap,Novo Mercado
117,CVC BRASIL,CVCB3,Micro Cap,Novo Mercado
118,LAVVI,LAVV3,Small Cap,Novo Mercado
119,MUNDIAL,MNDL3,Nano Cap,Novo Mercado
120,METAL LEVE,LEVE3,Small Cap,Novo Mercado
121,QUERO-QUERO,LJQQ3,Micro Cap,Novo Mercado
122,FLEURY,FLRY3,Mid Cap,Novo Mercado
123,EQTL PARA,EQPA3,Mid Cap,Balcão Org. Tradicional
123,EQTL PARA,EQPA5,Mid Cap,Balcão Org. Tradicional
123,EQTL PARA,EQPA6,Mid Cap,Balcão Org. Tradicional
123,EQTL PARA,EQPA7,Mid Cap,Balcão Org. Tradicional
124,MONT ARANHA,MOAR3,Small Cap,Novo Mercado
125,LIGHT S/A,LIGT3,Small Cap,Novo Mercado
126,COMPASS,PASS3,-,Novo Mercado
126,COMPASS,PASS5,-,Novo Mercado
126,COMPASS,PASS6,-,Novo Mercado
127,ELETROPAR,LIPR3,Micro Cap,Novo Mercado
128,LOG COM PROP,LOGG3,Small Cap,Novo Mercado
129,LOG-IN,LOGN3,Small Cap,Novo Mercado
130,LOPES BRASIL,LPSB3,Micro Cap,Novo Mercado
131,INC SA,INNC3,-,Novo Mercado
132,MULTILASER,MLAS3,Small Cap,Novo Mercado
133,HIDROVIAS,HBSA3,Small Cap,Novo Mercado
134,QUALITY SOFT,QUSW3,-,Bovespa Mais
135,MATER DEI,MATD3,Small Cap,Novo Mercado
136,VITTIA,VITT3,Micro Cap,Novo Mercado
137,MOVIDA,MOVI3,Small Cap,Novo Mercado
138,JBS,JBSS3,Big Cap,Novo Mercado
139,TELEF BRASIL,VIVT3,Big Cap,Balcão Org. Tradicional
140,M.DIASBRANCO,MDIA3,Mid Cap,Novo Mercado
141,IGB S/A,IGBR3,Mid Cap,Novo Mercado
142,QUALICORP,QUAL3,Micro Cap,Novo Mercado
143,MOURA DUBEUX,MDNE3,Small Cap,Novo Mercado
144,VALID,VLID3,Small Cap,Novo Mercado
145,SERENA,SRNA3,Mid Cap,Nível 2 de Governança Corporativa
146,VESTE,VSTE3,Small Cap,Novo Mercado
147,CIELO,CIEL3,Mid Cap,Novo Mercado
148,FRAS-LE,FRAS3,Mid Cap,Nível 1 de Governança Corporativa
149,GOL,GOLL3,Micro Cap,Nível 2 de Governança Corporativa
149,GOL,GOLL4,Micro Cap,Nível 2 de Governança Corporativa
150,ALPER S.A.,APER3,Micro Cap,Novo Mercado
151,AMBIPAR,AMBP3,Mid Cap,Novo Mercado
152,CELGPAR,GPAR3,Small Cap,Novo Mercado
153,BANESE,BGIP3,Micro Cap,Balcão Org. Tradicional
153,BANESE,BGIP4,Micro Cap,Balcão Org. Tradicional
154,MULTIPLAN,MULT3,Mid Cap,Nível 2 de Governança Corporativa
155,GRENDENE,GRND3,Mid Cap,Novo Mercado
156,MARFRIG,MRFG3,Mid Cap,Novo Mercado
157,HOTEIS OTHON,HOOT3,Nano Cap,Novo Mercado
157,HOTEIS OTHON,HOOT4,Nano Cap,Novo Mercado
158,NEOENERGIA,NEOE3,Mid Cap,Novo Mercado
159,ATMASA,ATMP3,Nano Cap,Novo Mercado
160,STARA,STTR3,-,Bovespa Mais
161,MANGELS INDL,MGEL3,Nano Cap,Balcão Org. Tradicional
161,MANGELS INDL,MGEL4,Nano Cap,Balcão Org. Tradicional
162,MAGAZ LUIZA,MGLU3,Mid Cap,Novo Mercado
163,AGRIBRASIL,GRAO3,-,Bovespa Mais
164,HAPVIDA,HAPV3,Big Cap,Novo Mercado
165,AMBEV S/A,ABEV3,Mega Cap,Balcão Org. Tradicional
166,AGROGALAXY,AGXY3,Nano Cap,Novo Mercado
167,NUTRIPLANT,NUTR3,Nano Cap,Bovespa Mais
168,SPTURIS,AHEB3,Micro Cap,Novo Mercado
168,SPTURIS,AHEB5,Micro Cap,Novo Mercado
168,SPTURIS,AHEB6,Micro Cap,Novo Mercado
169,OUROFINO S/A,OFSA3,Small Cap,Novo Mercado
170,ABC BRASIL,ABCB4,Small Cap,Nível 2 de Governança Corporativa
171,YBYRA S/A,YBRA4,Small Cap,Novo Mercado
172,IGUATEMI S.A,IGTI3,Mid Cap,Nível 1 de Governança Corporativa
172,IGUATEMI S.A,IGTI4,Mid Cap,Nível 1 de Governança Corporativa
172,IGUATEMI S.A,IGTI11,Mid Cap,Nível 1 de Governança Corporativa
173,AMERICANAS,AMER3,Small Cap,Novo Mercado
174,MRV,MRVE3,Small Cap,Novo Mercado
175,NEXPE,NEXP3,Nano Cap,Novo Mercado
176,MELHOR SP,MSPA3,Micro Cap,Nível 1 de Governança Corporativa
176,MELHOR SP,MSPA4,Micro Cap,Nível 1 de Governança Corporativa
177,WHIRLPOOL,WHRL3,Mid Cap,Balcão Org. Tradicional
177,WHIRLPOOL,WHRL4,Mid Cap,Balcão Org. Tradicional
178,PINE,PINE3,Small Cap,Nível 2 de Governança Corporativa
178,PINE,PINE4,Small Cap,Nível 2 de Governança Corporativa
179,ANIMA,ANIM3,Micro Cap,Novo Mercado
180,ASSAI,ASAI3,Mid Cap,Novo Mercado
181,IOCHP-MAXION,MYPK3,Small Cap,Novo Mercado
182,EXCELSIOR,BAUH3,Micro Cap,Balcão Org. Tradicional
182,EXCELSIOR,BAUH4,Micro Cap,Balcão Org. Tradicional
183,NEOGRID,NGRD3,Micro Cap,Novo Mercado
184,BRASIL,BBAS3,Mega Cap,Novo Mercado
185,RUMO S.A.,RAIL3,Big Cap,Novo Mercado
186,BOMBRIL,BOBR3,Micro Cap,Novo Mercado
186,BOMBRIL,BOBR4,Micro Cap,Novo Mercado
187,BTGP BANCO,BPAC3,Mega Cap,Nível 2 de Governança Corporativa
187,BTGP BANCO,BPAC5,Mega Cap,Nível 2 de Governança Corporativa
187,BTGP BANCO,BPAC11,Mega Cap,Nível 2 de Governança Corporativa
188,PETRORECSA,RECV3,Mid Cap,Novo Mercado
189,FER C ATLANT,VSPT3,Micro Cap,Balcão Org. Tradicional
189,FER C ATLANT,VSPT4,Micro Cap,Balcão Org. Tradicional
190,BANRISUL,BRSR3,Mid Cap,Nível 1 de Governança Corporativa
190,BANRISUL,BRSR5,Mid Cap,Nível 1 de Governança Corporativa
190,BANRISUL,BRSR6,Mid Cap,Nível 1 de Governança Corporativa
191,MERC FINANC,MERC3,Micro Cap,Balcão Org. Tradicional
191,MERC FINANC,MERC4,Micro Cap,Balcão Org. Tradicional
192,GRUPO NATURA,NTCO3,Mid Cap,Novo Mercado
193,LIFEMED,LMED3,-,Bovespa Mais
194,ODONTOPREV,ODPV3,Mid Cap,Novo Mercado
195,LOJAS MARISA,AMAR3,Micro Cap,Novo Mercado
196,OI,OIBR3,Micro Cap,Nível 1 de Governança Corporativa
196,OI,OIBR4,Micro Cap,Nível 1 de Governança Corporativa
197,OCEANPACT,OPCT3,Small Cap,Novo Mercado
198,AUREN,AURE3,Mid Cap,Novo Mercado
199,ARMAC,ARML3,Small Cap,Novo Mercado
200,ORIZON,ORVR3,Small Cap,Novo Mercado
201,PETROBRAS,PETR3,Mega Cap,Nível 2 de Governança Corporativa
201,PETROBRAS,PETR4,Mega Cap,Nível 2 de Governança Corporativa
202,BRB BANCO,BSLI3,Small Cap,Nível 1 de Governança Corporativa
202,BRB BANCO,BSLI4,Small Cap,Nível 1 de Governança Corporativa
203,PROFARMA,PFRM3,Micro Cap,Novo Mercado
204,EMBPAR S/A,EPAR3,Micro Cap,Balcão Org. Tradicional
205,ESTAPAR,ALPK3,Micro Cap,Novo Mercado
206,MILLS,MILS3,Small Cap,Novo Mercado
207,TREVISA,LUXM3,Micro Cap,Novo Mercado
207,TREVISA,LUXM4,Micro Cap,Novo Mercado
208,PLANOEPLANO,PLPL3,Small Cap,Novo Mercado
209,DIMED,PNVL3,Small Cap,Novo Mercado
210,INTELBRAS,INTB3,Mid Cap,Novo Mercado
211,PANATLANTICA,PATI3,Micro Cap,Balcão Org. Tradicional
211,PANATLANTICA,PATI4,Micro Cap,Balcão Org. Tradicional
212,MELNICK,MELK3,Micro Cap,Novo Mercado
213,CRUZEIRO EDU,CSED3,Small Cap,Novo Mercado
214,LWSA,LWSA3,Small Cap,Novo Mercado
215,PDG REALT,PDGR3,Nano Cap,Novo Mercado
216,AZUL,AZUL4,Small Cap,Nível 2 de Governança Corporativa
217,CEMEPE,MAPT3,Nano Cap,Novo Mercado
217,CEMEPE,MAPT4,Nano Cap,Novo Mercado
218,SUZANO HOLD,NEMO3,-,Balcão Org. Tradicional
218,SUZANO HOLD,NEMO5,-,Balcão Org. Tradicional
218,SUZANO HOLD,NEMO6,-,Balcão Org. Tradicional
219,MELIUZ,CASH3,Micro Cap,Novo Mercado
220,AZZAS 2154,AZZA3,Mid Cap,Novo Mercado
221,MOBLY,MBLY3,Micro Cap,Novo Mercado
222,PADTEC,PDTC3,Nano Cap,Novo Mercado
223,CASAN,CASN3,Mid Cap,Balcão Org. Tradicional
223,CASAN,CASN4,Mid Cap,Balcão Org. Tradicional
224,AMPLA ENERG,CBEE3,Small Cap,Novo Mercado
225,CEA MODAS,CEAB3,Small Cap,Novo Mercado
226,AERIS,AERI3,Micro Cap,Novo Mercado
227,PAR AL BAHIA,PEAB3,Micro Cap,Balcão Org. Tradicional
227,PAR AL BAHIA,PEAB4,Micro Cap,Balcão Org. Tradicional
228,ALPARGATAS,ALPA3,Small Cap,Nível 1 de Governança Corporativa
228,ALPARGATAS,ALPA4,Small Cap,Nível 1 de Governança Corporativa
229,SLC AGRICOLA,SLCE3,Mid Cap,Novo Mercado
230,PETZ,PETZ3,Small Cap,Novo Mercado
231,ATOMPAR,ATOM3,Nano Cap,Nível 2 de Governança Corporativa
232,CEB,CEBR3,Small Cap,Balcão Org. Tradicional
232,CEB,CEBR5,Small Cap,Balcão Org. Tradicional
232,CEB,CEBR6,Small Cap,Balcão Org. Tradicional
233,CARREFOUR BR,CRFB3,Mid Cap,Novo Mercado
234,BAHEMA,BAHI3,Nano Cap,Bovespa Mais
235,PAGUE MENOS,PGMN3,Small Cap,Novo Mercado
236,BAUMER,BALM3,Nano Cap,Novo Mercado
236,BAUMER,BALM4,Nano Cap,Novo Mercado
237,MARCOPOLO,POMO3,Mid Cap,Nível 2 de Governança Corporativa
237,MARCOPOLO,POMO4,Mid Cap,Nível 2 de Governança Corporativa
238,WILSON SONS,PORT3,Mid Cap,Novo Mercado
239,CINESYSTEM,CNSY3,-,Novo Mercado
240,AMAZONIA,BAZA3,Mid Cap,Novo Mercado
241,POSITIVO TEC,POSI3,Micro Cap,Novo Mercado
242,PORTO SEGURO,PSSA3,Mid Cap,Novo Mercado
243,PETTENATI,PTNT3,Micro Cap,Novo Mercado
243,PETTENATI,PTNT4,Micro Cap,Novo Mercado
244,BRADESCO,BBDC3,Mega Cap,Nível 1 de Governança Corporativa
244,BRADESCO,BBDC4,Mega Cap,Nível 1 de Governança Corporativa
245,PORTOBELLO,PTBL3,Micro Cap,Novo Mercado
246,CEDRO,CEDO3,Micro Cap,Nível 1 de Governança Corporativa
246,CEDRO,CEDO4,Micro Cap,Nível 1 de Governança Corporativa
247,BBSEGURIDADE,BBSE3,Big Cap,Novo Mercado
248,MITRE REALTY,MTRE3,Micro Cap,Novo Mercado
249,BIOMM,BIOM3,Small Cap,Bovespa Mais
250,PLASCAR PART,PLAS3,Nano Cap,Nível 2 de Governança Corporativa
251,COMERC PAR,COMR3,-,Novo Mercado
252,KALLAS,KLAS3,-,Balcão Org. Tradicional
253,MINERVA,BEEF3,Small Cap,Novo Mercado
254,RAIADROGASIL,RADL3,Big Cap,Novo Mercado
255,COELBA,CEEB3,Mid Cap,Balcão Org. Tradicional
255,COELBA,CEEB5,Mid Cap,Balcão Org. Tradicional
255,COELBA,CEEB6,Mid Cap,Balcão Org. Tradicional
256,BRF SA,BRFS3,Big Cap,Novo Mercado
257,CEEE-D,CEED3,Micro Cap,Novo Mercado
257,CEEE-D,CEED4,Micro Cap,Novo Mercado
258,RNI,RDNI3,Nano Cap,Novo Mercado
259,ALPHAVILLE,AVLL3,Micro Cap,Novo Mercado
260,RAIZEN,RAIZ4,Small Cap,Nível 2 de Governança Corporativa
261,RODOBENS,RBNS11,-,Balcão Org. Tradicional
262,LOCALIZA,RENT3,Big Cap,Novo Mercado
263,RENOVA,RNEW3,Micro Cap,Nível 2 de Governança Corporativa
263,RENOVA,RNEW4,Micro Cap,Nível 2 de Governança Corporativa
263,RENOVA,RNEW11,Micro Cap,Nível 2 de Governança Corporativa
264,MERCANTIL,BMEB3,Small Cap,Nível 1 de Governança Corporativa
264,MERCANTIL,BMEB4,Small Cap,Nível 1 de Governança Corporativa
265,ODERICH,ODER3,Nano Cap,Novo Mercado
265,ODERICH,ODER4,Nano Cap,Novo Mercado
266,ALFA HOLDING,RPAD3,Micro Cap,Balcão Org. Tradicional
266,ALFA HOLDING,RPAD5,Micro Cap,Balcão Org. Tradicional
266,ALFA HOLDING,RPAD6,Micro Cap,Balcão Org. Tradicional
267,RIOSULENSE,RSUL3,Nano Cap,Bovespa Mais
267,RIOSULENSE,RSUL4,Nano Cap,Bovespa Mais
268,BARDELLA,BDLL3,Nano Cap,Bovespa Mais
268,BARDELLA,BDLL4,Nano Cap,Bovespa Mais
269,OSX BRASIL,OSXB3,Nano Cap,Novo Mercado
270,SANEPAR,SAPR3,Mid Cap,Nível 2 de Governança Corporativa
270,SANEPAR,SAPR4,Mid Cap,Nível 2 de Governança Corporativa
270,SANEPAR,SAPR11,Mid Cap,Nível 2 de Governança Corporativa
271,ALFA FINANC,CRIV3,Micro Cap,Novo Mercado
271,ALFA FINANC,CRIV4,Micro Cap,Novo Mercado
272,MAESTROLOC,MSRO3,-,Bovespa Mais
273,RECRUSUL,RCSL3,Nano Cap,Novo Mercado
273,RECRUSUL,RCSL4,Nano Cap,Novo Mercado
274,BANCO BMG,BMGB4,Micro Cap,Nível 1 de Governança Corporativa
275,P.ACUCAR-CBD,PCAR3,Small Cap,Novo Mercado
276,SABESP,SBSP3,Big Cap,Novo Mercado
277,ELEKTRO,EKTR3,Mid Cap,Balcão Org. Tradicional
277,ELEKTRO,EKTR4,Mid Cap,Balcão Org. Tradicional
278,SAO CARLOS,SCAR3,Small Cap,Novo Mercado
279,SER EDUCA,SEER3,Micro Cap,Novo Mercado
280,MERC INVEST,BMIN3,Nano Cap,Novo Mercado
280,MERC INVEST,BMIN4,Nano Cap,Novo Mercado
281,BRISANET,BRIT3,Small Cap,Novo Mercado
282,SPRINGS,SGPS3,Nano Cap,Novo Mercado
283,TIME FOR FUN,SHOW3,Nano Cap,Novo Mercado
284,SCHULZ,SHUL3,Mid Cap,Nível 2 de Governança Corporativa
284,SCHULZ,SHUL4,Mid Cap,Nível 2 de Governança Corporativa
285,SIMPAR,SIMH3,Small Cap,Novo Mercado
286,BEMOBI TECH,BMOB3,Small Cap,Novo Mercado
287,PARANAPANEMA,PMAM3,Nano Cap,Novo Mercado
288,SMART FIT,SMFT3,Mid Cap,Novo Mercado
289,SAO MARTINHO,SMTO3,Mid Cap,Novo Mercado
290,CONST A LIND,CALI3,Nano Cap,Balcão Org. Tradicional
291,SANSUY,SNSY3,Nano Cap,Balcão Org. Tradicional
291,SANSUY,SNSY5,Nano Cap,Balcão Org. Tradicional
291,SANSUY,SNSY6,Nano Cap,Balcão Org. Tradicional
292,NORD BRASIL,BNBR3,Mid Cap,Balcão Org. Tradicional
293,CAMIL,CAML3,Small Cap,Novo Mercado
294,BOA SAFRA,SOJA3,Small Cap,Novo Mercado
295,ELETROMIDIA,ELMD3,Small Cap,Novo Mercado
296,MINASMAQUINA,MMAQ3,Nano Cap,Novo Mercado
296,MINASMAQUINA,MMAQ4,Nano Cap,Novo Mercado
297,SANTOS BRP,STBP3,Mid Cap,Novo Mercado
298,TEGRA INCORP,TEGA3,-,Balcão Org. Tradicional
299,CCR SA,CCRO3,Mid Cap,Novo Mercado
300,REDE D OR,RDOR3,Big Cap,Novo Mercado
301,TAURUS ARMAS,TASA3,Small Cap,Nível 2 de Governança Corporativa
301,TAURUS ARMAS,TASA4,Small Cap,Nível 2 de Governança Corporativa
302,TECHNOS,TECN3,Micro Cap,Novo Mercado
303,TEKA,TEKA3,Nano Cap,Balcão Org. Tradicional
303,TEKA,TEKA4,Nano Cap,Balcão Org. Tradicional
304,ALFA CONSORC,BRGE3,Micro Cap,Balcão Org. Tradicional
304,ALFA CONSORC,BRGE5,Micro Cap,Balcão Org. Tradicional
304,ALFA CONSORC,BRGE6,Micro Cap,Balcão Org. Tradicional
304,ALFA CONSORC,BRGE7,Micro Cap,Balcão Org. Tradicional
304,ALFA CONSORC,BRGE8,Micro Cap,Balcão Org. Tradicional
304,ALFA CONSORC,BRGE11,Micro Cap,Balcão Org. Tradicional
305,TRACK FIELD,TFCO4,Micro Cap,Nível 2 de Governança Corporativa
306,B3,B3SA3,Big Cap,Novo Mercado
307,ROMI,ROMI3,Small Cap,Novo Mercado
308,TEKNO,TKNO3,Micro Cap,Novo Mercado
308,TEKNO,TKNO4,Micro Cap,Novo Mercado
309,ROSSI RESID,RSID3,Nano Cap,Novo Mercado
310,CSNMINERACAO,CMIN3,Big Cap,Nível 2 de Governança Corporativa
311,TEX RENAUX,TXRX3,Nano Cap,Balcão Org. Tradicional
311,TEX RENAUX,TXRX4,Nano Cap,Balcão Org. Tradicional
312,NORTCQUIMICA,NRTQ3,-,Bovespa Mais
313,TENDA,TEND3,Small Cap,Novo Mercado
314,TEGMA,TGMA3,Small Cap,Novo Mercado
315,AZEVEDO,AZEV3,Micro Cap,Novo Mercado
315,AZEVEDO,AZEV4,Micro Cap,Novo Mercado
316,SYN PROP TEC,SYNE3,Small Cap,Novo Mercado
317,ULTRAPAR,UGPA3,Mid Cap,Novo Mercado
318,TRAN PAULIST,TRPL3,Mid Cap,Nível 1 de Governança Corporativa
318,TRAN PAULIST,TRPL4,Mid Cap,Nível 1 de Governança Corporativa
319,FERBASA,FESA3,Small Cap,Nível 1 de Governança Corporativa
319,FERBASA,FESA4,Small Cap,Nível 1 de Governança Corporativa
320,IRANI,RANI3,Small Cap,Novo Mercado
321,FICA,FIEI3,Nano Cap,Novo Mercado
322,3TENTOS,TTEN3,Mid Cap,Novo Mercado
323,UNIFIQUE,FIQE3,Small Cap,Novo Mercado
324,AES BRASIL,AESB3,Mid Cap,Novo Mercado
325,TOTVS,TOTS3,Mid Cap,Novo Mercado
326,UNIPAR,UNIP3,Mid Cap,Balcão Org. Tradicional
326,UNIPAR,UNIP5,Mid Cap,Balcão Org. Tradicional
326,UNIPAR,UNIP6,Mid Cap,Balcão Org. Tradicional
327,BIC MONARK,BMKS3,Nano Cap,Bovespa Mais
328,VIVER,VIVR3,Nano Cap,Novo Mercado
329,JSL,JSLG3,Small Cap,Novo Mercado
330,VIVEO,VVEO3,Micro Cap,Novo Mercado
331,TC,TRAD3,Nano Cap,Novo Mercado
332,CASAS BAHIA,BHIA3,Micro Cap,Novo Mercado
333,BLAU,BLAU3,Small Cap,Novo Mercado
334,CLEARSALE,CLSA3,Small Cap,Novo Mercado
335,CPFL ENERGIA,CPFE3,Big Cap,Novo Mercado
336,RANDON PART,RAPT3,Small Cap,Nível 1 de Governança Corporativa
336,RANDON PART,RAPT4,Small Cap,Nível 1 de Governança Corporativa
337,SUZANO S.A.,SUZB3,Big Cap,Novo Mercado
338,COSAN,CSAN3,Mid Cap,Novo Mercado
339,PETRORIO,PRIO3,Big Cap,Novo Mercado
340,GRUPO MATEUS,GMAT3,Mid Cap,Novo Mercado
341,TIM,TIMS3,Big Cap,Novo Mercado
342,TRIUNFO PART,TPIS3,Micro Cap,Novo Mercado
343,TRISUL,TRIS3,Micro Cap,Novo Mercado
344,CEG,CEGR3,Mid Cap,Novo Mercado
345,ENGIE BRASIL,EGIE3,Big Cap,Novo Mercado
346,CEMIG,CMIG3,Big Cap,Nível 1 de Governança Corporativa
346,CEMIG,CMIG4,Big Cap,Nível 1 de Governança Corporativa
347,GENERALSHOPP,GSHP3,Nano Cap,Nível 1 de Governança Corporativa
348,GUARARAPES,GUAR3,Small Cap,Novo Mercado
349,ITAUSA,ITSA3,Big Cap,Nível 1 de Governança Corporativa
349,ITAUSA,ITSA4,Big Cap,Nível 1 de Governança Corporativa
350,ALLIAR,AALR3,Small Cap,Novo Mercado
351,AFLUENTE T,AFLT3,Micro Cap,Balcão Org. Tradicional
352,ALLOS,ALOS3,Mid Cap,Novo Mercado
353,ALLIED,ALLD3,Micro Cap,Novo Mercado
354,BRASILAGRO,AGRO3,Small Cap,Novo Mercado
355,ALUPAR,ALUP3,Mid Cap,Nível 2 de Governança Corporativa
355,ALUPAR,ALUP4,Mid Cap,Nível 2 de Governança Corporativa
355,ALUPAR,ALUP11,Mid Cap,Nível 2 de Governança Corporativa
356,MINUPAR,MNPR3,Nano Cap,Balcão Org. Tradicional
357,POLPAR,PPAR3,Nano Cap,Balcão Org. Tradicional
358,PRINER,PRNR3,Micro Cap,Novo Mercado
359,METISA,MTSA3,Micro Cap,Balcão Org. Tradicional
359,METISA,MTSA4,Micro Cap,Balcão Org. Tradicional
360,NORDON MET,NORD3,Nano Cap,Novo Mercado
361,D1000VFARMA,DMVF3,Micro Cap,Novo Mercado
362,EMBRAER,EMBR3,Big Cap,Novo Mercado
363,TECNISA,TCSA3,Nano Cap,Novo Mercado
364,ONCOCLINICAS,ONCO3,Small Cap,Novo Mercado
365,DASA,DASA3,Small Cap,Novo Mercado
361,D1000VFARMA,DMVF3,Micro Cap,Novo Mercado
362,EMBRAER,EMBR3,Big Cap,Novo Mercado
363,TECNISA,TCSA3,Nano Cap,Novo Mercado
364,ONCOCLINICAS,ONCO3,Small Cap,Novo Mercado
365,DASA,DASA3,Small Cap,Novo Mercado
361,D1000VFARMA,DMVF3,Micro Cap,Novo Mercado
362,EMBRAER,EMBR3,Big Cap,Novo Mercado
363,TECNISA,TCSA3,Nano Cap,Novo Mercado
364,ONCOCLINICAS,ONCO3,Small Cap,Novo Mercado
365,DASA,DASA3,Small Cap,Novo Mercado
361,D1000VFARMA,DMVF3,Micro Cap,Novo Mercado
362,EMBRAER,EMBR3,Big Cap,Novo Mercado
363,TECNISA,TCSA3,Nano Cap,Novo Mercado
364,ONCOCLINICAS,ONCO3,Small Cap,Novo Mercado
365,DASA,DASA3,Small Cap,Novo Mercado
